arxiv_id,title,hit_by,decision
math-ph/0311005,Dimers and Amoebae,Q1/Q2,
1510.08416,Intersections of Amoebas,Q1,
1711.02705,The Lattice of Amoebas,Q1/Q2,
hep-th/0601233,Amoebas and Instantons,Q1/Q2,
math/0603201,A Nullstellensatz for amoebas,Q1/Q2,
1812.08149,The dimension of an amoeba,Q1,
2106.03695,Neurons on Amoebae,Q1/Q2/Q4,
1805.00273,Describing Amoebas,Q1,
1310.7363,The Boundary of Amoebas,Q1/Q4,
math/0108225,Amoebas of algebraic varieties,Q1,
2102.09324,Non-commutative amoebas,Q1,
1608.08663,Lopsided Approximation of Amoebas,Q1/Q4,
2608.03601,Singularities of Amoeba Contours,Q1/Q4,
1101.4693,On the Volume of Complex Amoebas,Q1,
2104.09707,Recursive constructions of amoebas,Q1,
1608.06077,Geometry of generalized amoebas,Q1/Q2,
1101.0095,On the curvature of the real amoeba,Q1,
math/0010087,Amoebas of maximal area,Q1,
1008.3709,On the Swimming of Dictyostelium amoebae,Q1,
1310.0097,Analysis of Amoeba Active Contours,Q1/Q4,
0801.0522,A remark on amoebas in higher codimensions,Q1,
math/9209206,Amoeba-absoluteness and projective measurability,Q1,
2304.01530,Expected Multivolumes of Random Amoebas,Q1/Q4,
1108.2456,Amoebas of genus at most one,Q1/Q2,
1205.2808,Amoebas and coamoebas of linear spaces,Q1,
1906.04500,Spines for amoebas of rational curves,Q1/Q2,
1412.4658,Amoebas of half-dimensional varieties,Q1,
1607.05937,Zeros and amoebas of partition functions,Q1/Q2,
2608.03613,Cusps and nodes of Amoeba Contours,Q1,
2607.15429,Sparse Bounds for Amoeba Contours,Q1/Q2,
2303.13143,The amoeba dimension of a linear space,Q1,
1202.1294,Moduli of Monopole Walls and Amoebas,Q1,
2401.07484,Growing Trees and Amoebas' Replications,Q1,
2605.24963,Degree Bounds for Amoeba Contours,Q1/Q2,
0810.4179,Memristive model of amoeba's learning,Q1,
1604.03603,Algorithmic computation of polynomial amoebas,Q1/Q2/Q4,
1406.1430,Degenerations of amoebae and Berkovich spaces,Q1/Q2,
2211.09416,A review on computational aspects of polynomial amoebas,Q1/Q4,
math/0403015,Amoebas of algebraic varieties and tropical geometry,Q1/Q2,
1411.3285,Amoeba Techniques for Shape and Texture Analysis,Q1/Q4,
1701.01720,Amoebas of curves and the Lyashko-Looijenga map,Q1,
2607.15424,Contour Degree of Amoebas of Complete Intersections,Q1/Q2,
2212.06553,Mahler Measuring the Genetic Code of Amoebae,Q1/Q2,
2403.09091,Spherical amoebae and a spherical logarithm map,Q1,
1101.4114,Approximating amoebas and coamoebas by sums of squares,Q1/Q4,
0805.1194,Intersecting Solitons Amoeba and Tropical Geometry,Q1/Q2,
math/0408311,Non-archimedean amoebas and tropical varieties,Q1/Q2,
2601.18180,General tropical convergence of harmonic amoebas,Q1/Q2,
1108.4315,Edge detection based on morphological amoebas,Q1,
2008.04996,Some considerations on Amoeba forcing notions,Q1,
2603.21116,Solid Amoebas of Maximally Sparse Polynomials,Q2,
2212.03173,Generalized amoebas for subvarieties of GL_n(C),Q2,
2212.13704,Ronkin/Zeta Correspondence,Q2,
0804.1870,String networks as tropical curves,Q2,
0906.2729,Geometric and Combinatorial Structure of Hypersurface Coamoebas,Q2,
1412.1585,A Ronkin type function for coamoebas,Q2,
1708.06870,Amoeba-shaped polyhedral complex of an algebraic hypersurface,Q2,
math/0405259,Singularities of Nonconfluent Hypergeometric Functions in Several Variables,Q2,
1109.2645,The Ronkin number of an exponential sum,Q2,
1310.8472,Amoebas Ronkin function and Monge-Ampere measures of algebraic curves with marked points,Q2,
2502.17931,Symplectic-Amoeba formulation of the non-Bloch band theory for one-dimensional two-band systems,Q2/Q4,
0712.4359,"Bochner transforms, perturbations and amoebae of holomorphic almost periodic mappings in tube domains",Q2,
1404.3593,Amoeba finite basis of solutions to a system of n polynomials in n variables,Q2,
math/0311062,Planar dimers and Harnack curves,Q2,
1411.7363,Higher convexity for complements of tropical varieties,Q2,
1303.5334,On the total curvature of tropical hypersurfaces,Q2,
1506.07606,Asymptotic Dynamics of Monopole Walls,Q2,
1501.07121,Harmonic tropical morphisms and approximation,Q2,
2503.09133,Introduction to PSL_2 phase tropicalization,Q2,
2511.11349,Wiener-Hopf factorization and non-Hermitian topology for Amoeba formulation in one-dimensional multiband systems,Q2/Q4,
1408.3105,Computing tropical curves via homotopy continuation,Q2/Q3/Q4,
1611.01841,Grobner theory and tropical geometry on spherical varieties,Q2,
0704.2216,Maximally Sparse Polynomials have Solid Amoebas,Q2,
1904.06005,Tropical Lagrangian Hypersurfaces are Unobstructed,Q2,
1512.08063,On the addition formula for the tropical Hesse pencil,Q2,
2107.07286,Refined count of real oriented rational curves,Q2/Q4,
1201.6401,Effective Results on non-Archimedean Tropical Discriminants,Q2/Q4,
math/0505269,"Amoebas, tropical varieties and compactification of Teichmuller spaces",Q2,
0806.0606,"Toric Kahler metrics seen from infinity, quantization and compact tropical amoebas",Q2,
2403.08659,Fourier Quasicrystals on R^n,Q2/Q4,
math/0406099,A tropical calculation of the Welschinger invariants of real toric Del Pezzo surfaces,Q2/Q4,
2011.05000,Certifying zeros of polynomial systems using interval arithmetic,Q3,
1712.01916,Geolocation with FDOA Measurements via Polynomial Systems and RANSAC,Q3,
1611.05947,Minimal Problems for the Calibrated Trifocal Variety,Q3,
1405.7871,Numerical algorithms for detecting embedded components,Q3,
2203.07016,A p-adic Descartes solver: the Strassman solver,Q3,
1212.2249,Combinatorial Excess Intersection,Q3,
1205.3776,The ideal of the trifocal variety,Q3,
1610.03034,Numerical Implicitization,Q3,
2103.03138,Numerical reconstruction of curves from their Jacobians,Q3,
1905.07035,Computing symmetric determinantal representations,Q3,
1511.06751,Sampling algebraic varieties for sum of squares programs,Q3,
1503.02038,Eliminating dual spaces,Q3,
1909.06620,96120: The degree of the linear orbit of a cubic surface,Q3,
2410.03614,Proudfoot-Speyer degenerations of scattering equations,Q3,
2607.13277,Euclidean Distance Degrees in Macaulay2,Q3,
1507.07069,Multiprojective witness sets and a trace test,Q3,
2308.15598,Maximum information divergence from linear and toric models,Q3,
2106.00277,Spectral theory of weighted hypergraphs via tensors,Q3,
2006.13881,Noetherian operators and primary decomposition,Q3,
1608.00540,Trace test,Q3,
1605.04203,Computing complex and real tropical curves using monodromy,Q3,
0911.1783,Numerical Algebraic Geometry for Macaulay2,Q3,
2411.10776,Wronski Pairs of Honeycomb Curves,Q3,
1210.6038,Numerical Analyses on Moduli Space of Vacua,Q3,
2201.04268,Sparse trace tests,Q3,
1902.05518,3264 Conics in a Second,Q3,
0710.4607,Galois groups of Schubert problems via homotopy computation,Q3,
1909.04553,Maximum likelihood degree of the two-dimensional linear Gaussian covariance model,Q3,
1210.0198,Maximum Likelihood for Matrices with Rank Constraints,Q3,
2002.00180,General witness sets for numerical algebraic geometry,Q3,
2001.10691,The 4x4 orthostochastic variety,Q3,
1406.5523,Experiments on the zeros of harmonic polynomials using certified counting,Q3,
2012.05041,Likelihood Equations and Scattering Amplitudes,Q3,
1705.09228,Geometry of symmetric group-based models,Q3,
2302.04117,A polyhedral homotopy algorithm for computing critical points of polynomial programs,Q3,
1310.3297,Bertini for Macaulay2,Q3,
0912.0920,Certified numerical homotopy tracking,Q3,
1107.1846,Algebraic boundaries of Hilbert's SOS cones,Q3,
1408.3355,Global Structure of Curves from Generalized Unitarity Cut of Three-loop Diagrams,Q3,
2607.04046,Likelihood Geometry of Moving Average and Autoregressive Processes,Q3,
1602.00700,Numerically validating the completeness of the real solution set of a system of polynomial equations,Q3,
1601.01869,On the number of Waring decompositions for a generic polynomial vector,Q3,
2311.09866,A numerical method for solving elliptic equations on real closed algebraic curves and surfaces,Q3,
2304.08598,A stratified polyhedral homotopy method for sampling positive-dimensional zero sets of polynomial systems,Q3,
1903.08611,Autocovariance Varieties of Moving Average Random Fields,Q3,
1203.4235,Numerical Algebraic Geometry: A New Perspective on String and Gauge Theories,Q3,
1801.10285,Optimal Configurations in Coverage Control with Polynomial Costs,Q3,
1310.4128,A Polyhedral Method to Compute All Affine Solution Sets of Sparse Polynomial Systems,Q3,
1605.07806,Numerical computation of Galois groups,Q3,
1307.3681,Metric Estimates and Membership Complexity for Archimedean Amoebae and Tropical Hypersurfaces,Q4,
2305.00743,An introduction to computational aspects of polynomial amoebas -- a survey,Q4,
1102.0566,Model Cortical Association Fields Account for the Time Course and Dependence on Target Complexity of Human Contour Perception,Q4,
2206.13430,Improving Condensed Phase Water Dynamics with Explicit Nuclear Quantum Effects: the Polarizable Q-AMOEBA Force Field,Q4,
2207.14276,Scalable Hybrid Deep Neural Networks/Polarizable Potentials Biomolecular Simulations including long-range effects,Q4,
2502.12708,The Q-AMOEBA (CF) Polarizable Potential,Q4,
2404.06828,Proposed modified computational model for the amoeba-inspired combinatorial optimization machine,Q4,
2406.19547,"Amoeba Monte Carlo algorithms for random trees with controlled branching activity: efficient trial move generation and universal dynamics",Q4,
1202.4659,"Discriminant and Singularities of Logarithmic Gauss Map, Examples and Application",Q4,
2311.17182,New recursive constructions of amoebas and their balancing number,Q4,
2005.08541,A tropical geometry approach to BIBO stability,Q4,
1904.11372,A Multi-agent approach for in silico simulations of micro-biological systems,Q4,
2105.10016,Testing DBMS Performance with Mutations,Q4,
1311.0460,An Adaptive Amoeba Algorithm for Shortest Path Tree Computation in Dynamic Graphs,Q4,
2107.11922,AMOEBA: Automated Molecular Excitation Bayesian Line-Fitting Algorithm,Q4,
1008.4662,Automated Acanthamoeba polyphaga detection and computation of Salmonella typhimurium concentration in spatio-temporal images,Q4,
2401.14691,The OpenMMPol Library for Polarizable QM/MM Calculations of Properties and Dynamics,Q4,
2411.08935,Classification of Keratitis from Eye Corneal Photographs using Deep Learning,Q4,
1704.07102,Anticipation of digital patterns,Q4,
2306.07482,Geometry of the doubly periodic Aztec dimer model,Q4,
1411.2356,Infinite Object Coating in the Amoebot Model,Q4,
2512.11002,Beyond Memristor: Neuromorphic Computing Using Meminductor,Q4,
1107.3569,A Monte Carlo Simulation on Clustering Dynamics of Social Amoebae,Q4,
2005.11329,A Systematic Approach to Kahler Moduli Stabilisation,Q4,
math/0508037,Power diagrams and Morse Theory,Q4,
2310.20469,Amoeba: Circumventing ML-supported Network Censorship via Adversarial Reinforcement Learning,Q4,
2502.17233,Lambda-ABF-OPES: Faster Convergence with High Accuracy in Alchemical Free Energy Calculations,Q4,
2608.05684,Nonvisual Classification of Ground-Condition by Artificial Proprioception in an Amoeba-Inspired Autonomous Walking Robot,Q4,
2011.01207,Tinker-HP: Accelerating Molecular Dynamics Simulations of Large Complex Systems with Advanced Point Dipole Polarizable Force Fields using GPUs and Multi-GPUs systems,Q4,
1707.04019,RCD: Rapid Close to Deadline Scheduling for Datacenter Networks,Q4,
2006.14041,Quiver Asymptotics and Amoeba: Instantons on Toric Divisors of Calabi-Yau Threefolds,Q4,
2510.19976,Morphological computational capacity of Physarum polycephalum,Q4,
