arxiv_id,title,first_author,year,source,type,method_core,dataset_or_benchmark,main_result,limitation,relevance,decision,rationale,tier,round1,batch,hit_by
1101.4114,Approximating amoebas and coamoebas by sums of squares,Thorsten Theobald,2011,arXiv preprint（无 journal_ref/DOI）,theoretical,把 amoeba/coamoeba 的成员判定化为实代数可行性问题，用实 Nullstellensatz + 平方和（SOS）+ 半定规划给出非包含的证书,基于 SOS 方法的 amoeba 实际计算（6 图）,得到多项式证书的次数界，并给出 SOS/SDP 的 amoeba 实际计算,证书次数界可能很高，SDP 规模随维数快速增长,5,include,给出成员判定算法 + 次数界 + 实际计算实例，属可执行数值方法,classic,,C,"C1,C4"
1306.6249,An explicit calculation of the Ronkin function,Johannes Lundqvist,2013,math.CV 预印本,theoretical,对三变量仿射线性多项式显式计算 Ronkin 函数二阶导数，用完全椭圆积分与超几何函数表示，半显式给出 Ronkin 测度,三变量仿射线性多项式,给出 Ronkin 函数二阶导数的椭圆积分/超几何函数闭式,仅仿射线性多项式情形，未涉及非厄米谱,5,include,标题即“显式计算 Ronkin 函数”，直接对应 Ronkin 函数求值问题,classic,no,A,A2
1307.3681,Metric Estimates and Membership Complexity for Archimedean Amoebae and Tropical Hypersurfaces,Martin Avendaño,2013,arXiv preprint（无 journal_ref/DOI）,theoretical,构造可高效计算的 Archimedean 热带化多面体 ArchTrop(f) 作为 Amoeba(f) 的多面体逼近，并给出成员判定算法,距离界仅依赖多项式的单项式个数；无软件/数据集,ArchTrop(f) 与 Amoeba(f) 的 Hausdorff 距离有显式上下界，点成员判定在固定维数下多项式时间可解（一维 amoeba 成员判定本身 NP-hard）,只给多面体近似与距离界，不是 amoeba 的精确/高阶数值计算,5,include,直接给出 amoeba 的可构造多面体逼近与成员判定算法，与三角剖分/热带化路线高度契合,classic,,C,C4
1310.7363,The Boundary of Amoebas,Franziska Schroeter,2013,arXiv preprint（无 journal_ref/DOI）,theoretical,定义并刻画 amoeba 的 extended boundary，区分 contour 与真实边界，从而可在任意维通过边界计算超曲面 amoeba,二维情形仅需 Gröbner 基；线性方程组的 amoeba basis 实例,可在任意维用边界计算超曲面 amoeba，二维用 Gröbner 基即可完成,高维仍依赖 extended boundary 的代数消元，未给出复杂度界,5,include,直接给出“通过边界计算任意维 amoeba”的可执行路线（Gröbner 基）,classic,,C,"C1,C4"
1408.3105,Computing tropical curves via homotopy continuation,Anders Jensen,2014,"Exp. Math. 25 (2016), no. 1, 83-93; DOI 10.1080/10586458.2015.1037407",engineering,利用 amoeba 与热带曲线的联系，用数值代数几何的同伦延拓计算热带曲线并给出实现,有实现；应用于计算纽结 A-多项式的 Newton 多边形,给出同伦延拓计算热带曲线的方法与实现，并成功算出纽结 A-多项式的 Newton 多边形,针对曲线（低维）情形，热带曲线只给出 amoeba 的对数极限骨架,5,include,提供从 amoeba 到热带曲线的同伦延拓可执行算法并有计算实例,classic,,C,"C2,C3,C4"
1604.03603,Algorithmic computation of polynomial amoebas,D. V. Bogdanov,2016,arXiv preprint（无 journal_ref/DOI）,engineering,给出 amoeba、其 contour、紧化 amoeba 及三维 amoeba 二维截面的计算与可视化算法，并给出在固定 Newton 多面体下构造“最复杂拓扑”多项式的算法,Matlab 8 / Mathematica 9 实现,算法在 Matlab/Mathematica 中实现并可直接画出 amoeba 与 contour,面向可视化与低维，缺乏复杂度分析与高维可扩展性,5,include,直接给出 amoeba 计算+可视化的可执行算法与软件实现（有计算实例）,classic,,C,"C1,C2,C4"
1608.08663,Lopsided Approximation of Amoebas,Jens Forsgård,2017,arXiv preprint（无 journal_ref/DOI）,engineering,把 Purbhoo 的 lopsided 逼近理论实用化：用 cyclic resultant 之间的关系解决其主要瓶颈，并用半代数集逼近 amoeba 的对数原像,SINGULAR/SAGE 实现，与通用 resultant 算法对比有显著加速（2 张表）,给出可达实用的 amoeba/其对数原像逼近算法，并在 SINGULAR/SAGE 中实现、量化加速,依赖 resultant 计算的规模，高维稀疏情形仍受限,5,include,lopsided 近似 + 专用 cyclic resultant + 实际软件实现与加速对比，正中“算法”要求,classic,,C,"C1,C4"
2212.11743,Amoeba Formulation of Non-Bloch Band Theory in Arbitrary Dimensions,Hong-Yi Wang,2022,"PRX 14, 021011 (2024), DOI 10.1103/PhysRevX.14.021011",theoretical,用 amoeba（代数几何对象）重构非布洛赫能带论：由 amoeba/Ronkin 函数确定 GBZ 与能谱,任意维度非厄米紧束缚模型,给出任意维度 amoeba 公式，可高效获得能谱、本征态轮廓与 GBZ,摘要未给出数值算法细节、精度与复杂度分析,5,include,直接给出 amoeba 定义 GBZ 的构造，是本问题的核心文献,classic,yes,A;B,"A1,B1,B2"
2407.01296,Non-Hermitian skin effect in arbitrary dimensions: non-Bloch band theory and classification,Yuncheng Xiong,2024,无期刊信息,theoretical,以 spectral potential 构造几何自适应非布洛赫能带论，用净绕数分类 NHSE,任意维度非厄米紧束缚（热力学极限）,精确给出给定几何下的能谱、态密度与 GBZ，并揭示标度无关模导致的谱非收敛/不稳定（谱趋向 Amoeba 谱）,摘要未给出数值实现细节与复杂度,5,include,直接针对谱势/GBZ 的数值收敛与稳定性，属算法层面核心,recent3,yes,A;B,"A1,A3,B1,B2,B5"
2502.17931,Symplectic-Amoeba formulation of the non-bloch band theory for one-dimensional two-band systems,Shin Kaneshiro,2025,无期刊信息（v2 2025-06-27）,theoretical+numerical,谱势计算归结为 Ronkin 函数优化；对多带/对称退化用“外推总 Ronkin 函数”得 band-resolved Ronkin 函数再逐一优化,1D 双带 AII† 类非厄米模型,提出 AII† 类广义 Szegő 极限定理，并数值验证谱势与局域长度计算正确,仅 1D 双带且依赖对称类；未报告复杂度/精度控制,5,include,明确讨论 Ronkin 函数的实际优化/外推实现并附数值验证,recent3,yes,A;C,"A1,A2,C2,C4"
2511.11349,Wiener-Hopf factorization and non-Hermitian topology for Amoeba formulation in one-dimensional multiband systems,Shin Kaneshiro,2025,"Phys. Rev. Research 8, 013292 (2026), DOI 10.1103/s43l-h6z6",theoretical,用非布洛赫哈密顿量的 Wiener-Hopf 分解 + Hermitian doubling 给出多带体系广义 Szegő 定理适用性判据，并解释 AII† 类对称分解 Ronkin 函数的来源,1D 多带非厄米模型,严格证明 AII† 类广义 Szegő 极限定理，为多带 amoeba 分析提供统一框架,摘要未给出具体数值算法/基准；推广到其他对称类仍开放,5,include,明确指出 amoeba 实现以往只限单带并给出多带判据（适用边界/失效模式）,recent3,yes,A;B;C,"A1,A2,A3,B1,B5,C2,C4"
2608.28577,How Long-Range Tails Reshape Non-Hermitian Spectra,Ding Gu,2026,arXiv preprint（无 journal_ref）,theoretical,1D 定义 squeezed GBZ，2D 及以上提出 squeezed amoeba formulation 描述重构后的谱密度,含指数衰减长程跃迁的非厄米紧束缚模型（与短程极限对照）,无穷小长程跃迁可非微扰重构 OBC 谱与本征态,摘要未说明 squeezed amoeba 的具体数值求解步骤,5,include,amoeba 在长程/工程化情形的算法层扩展,recent3,no,A;B,"A1,B2"
2609.23523,Universal Generalized Brillouin Zone Theory I: Review of the Spectral Approach,Zeqi xu,2026,arXiv preprint（无 journal_ref）,theoretical (review-of-methods),系统回顾 1D 谱方法，考察经典条件 |β_p|=|β_{p+1}| 在 2D 失效的机制，指出 1D GBZ 理论本身尚不完备,1D→2D 过渡的谱分析（无外部基准/未验证）,明确 1D GBZ 条件在 2D 失效的方式并定位困难所在，引出第 II 篇波函数方法,本篇只做回顾与问题定位，未给出通用算法实现,5,include,直接针对“2D 下 GBZ/谱势如何计算”的框架性梳理,recent3,no,B,B2
math/0603201,A Nullstellensatz for amoebas,Kevin Purbhoo,2006,arXiv preprint（无 journal_ref/DOI）,theoretical,用三角不等式（lopsidedness 检验）刻画 amoeba：点不在 amoeba 中当且仅当定义理想中存在 lopsided 元素，并由此用线性不等式系统逼近超曲面 amoeba 与 spine,无计算实例（36 页，1 图）,给出任意余维 amoeba 与 toric 紧化的充要 lopsided 判据，并导出线性不等式逼近方法,判据需在理想中搜索 lopsided 元素，未给出算法复杂度与实际实现,5,include,lopsided 判据是全部现代 amoeba 计算算法（SOS/resultant/线性不等式）的理论基础,classic,,C,"C1,C2"
"0805.1194","Intersecting Solitons, Amoeba and Tropical Geometry",Toshiaki Fujimori,2008,"Phys. Rev. D 78, 105004 (2008); DOI 10.1103/PhysRevD.78.105004",theoretical,提出 soliton/gauge theory 与 amoeba–tropical 几何的字典：涡旋面形状由 amoeba 描述，instanton 荷密度负贡献理解为 (C*)^2 上多重调和函数的复 Monge–Ampère 测度,Abelian-Higgs 模型（Nf=Nc=1）的交汇涡旋/instantons，39 页 11 图,建立 amoeba/tropical 几何与涡旋面的对应，并给出 T² 上 Wilson loop 与 Ronkin 函数导数的关系,无 amoeba/Ronkin 的数值计算算法，属解析字典,4,include,唯一同时显式使用 Monge–Ampère 测度与 Ronkin 函数并给出构造性对应的文献 [跨批判定不一致：A=exclude/C=include],classic,no,A;C,"A2,C1,C2"
1108.2456,Amoebas of genus at most one,Thorsten Theobald,2011,arXiv preprint（无 journal_ref/DOI）,theoretical,对 Newton 多面体为单纯形、内部恰含一个格点的 Laurent 多项式，用系数给出有界补分量存在的上下界，并联系 Purbhoo lopsided 判据与 A-判别式,无计算实例（26 页 5 图）,有界补分量存在性系数上下界（极值下 sharp），并对内部单项式为重心时完全分类 amoeba 空间（genus 1 者道路连通）,局限于单纯形 Newton 多面体与单内部格点,4,unclear,直接给出与 lopsided 判据相关的补分量存在判据，但摘要未明确成可执行算法且无实例,classic,,C,"C1,C2"
1201.6401,Effective Results on non-Archimedean Tropical Discriminants,Korben Rusek,2012,arXiv preprint（无 journal_ref/DOI）,engineering,从非 Archimedean 角度研究 A-判别式，给出计算 A-判别式簇在非 Archimedean 赋值映射下像的算法,Sage 软件包绘制 p-adic 判别式 amoeba，显式极值算例,给出非 Archimedean 赋值下 A-判别式像的算法（m=2 时得到 n 的二次阶上下界）并有 Sage 实现,对象是 p-adic/非 Archimedean 判别式 amoeba，不是复 Laurent 多项式的复 amoeba,4,unclear,P 维度边界：给出算法+Sage 实现，但输出对象是 p-adic 判别式 amoeba 而非复 amoeba/Ronkin 函数，需用户裁定,classic,,C,"C2,C4"
1605.04203,Computing complex and real tropical curves using monodromy,Daniel A. Brake,2016,arXiv preprint（无 journal_ref/DOI）,engineering,给出计算常系数多项式定义的复/实热带曲线射线的算法，基于同伦延拓 + monodromy loop + Cauchy 积分,在 Bertini 上实现并给出多个计算实例,提出可实现的复/实热带曲线射线算法，Bertini 实现成功算出多例,输出是热带曲线，而非 amoeba 或其补集/Ronkin 函数,4,include,用同伦延拓+monodromy 实现热带曲线计算，是 amoeba 数值计算的关键工具链,classic,,C,C3
1708.06870,Amoeba-shaped polyhedral complex of an algebraic hypersurface,Mounir Nisse,2017,arXiv preprint（无 journal_ref/DOI）,theoretical,构造 Newton 多面体内部一个具备 amoeba 关键拓扑与组合性质的多面体复形，并在 spine 对偶于 Newton 多面体三角剖分时给出显式公式,无计算实例（12 页，23 图）,给出 spine 对偶于 Newton 多面体三角剖分（含 optimal 超曲面）时该复形的显式公式,显式公式依赖对偶三角剖分条件，无复杂度分析与实现,4,include,明确以 Newton 多面体三角剖分为输入给出 amoeba 组合替身的显式构造,classic,,C,C2
1711.02705,The Lattice of Amoebas,Jens Forsgård,2017,arXiv preprint（无 journal_ref/DOI）,theoretical,把指数和的 amoeba 视为支撑集 A 的函数，引入 caissons（amoeba 的逼近截面），证明其集合上诱导出格结构，统一 lopsided amoeba 与指数和 amoeba 理论,无计算实例（15 页 2 图）,caissons 理论给出 amoeba 补集某些连通分量存在性的改进证书,纯格论/凸几何结构结果，无直接可执行的数值算法或软件,4,include,直接处理 lopsided 逼近与 amoeba 补集的可判定证书，是计算补集的算法性框架,classic,,C,"C1,C2"
1910.01957,A Polyhedral Homotopy Algorithm For Real Zeros,Alperen A. Ergür,2019,Arnold Mathematical Journal (2022); DOI 10.1007/s40598-022-00219-w,engineering,基于 Viro patchworking 的数值化设计同伦延拓算法，用 polyhedral homotopy 求系数满足凹性条件的稀疏多项式系统的实零点,完全在实数域上运算，只跟踪最优数量的解路径,可正确计数并求出位于 A-discriminant amoeba 补集无界分量中的实零点,依赖系数凹性条件，不直接输出 amoeba 本身,4,include,以 amoeba 补集为判据区域、用 polyhedral homotopy 实际求解，方法学直接相关,classic,,C,C4
2005.08541,A tropical geometry approach to BIBO stability,Bossoto Bossoto,2020,arXiv preprint（无 journal_ref/DOI）,theoretical,用原点 0 相对 amoeba A_F 的位置给出多线性时不变系统 BIBO 强/弱稳定性判据，并给出测试该性质的算法流程,无计算实例与软件,给出仅依赖原点在 amoeba 中位置的 BIBO 稳定性判据及算法流程,只描述建议的算法流程，摘要无实现与数值实验,4,include,把 amoeba 位置判定转化为可测试的算法流程，属 amoeba 成员/补集判定的应用型算法,classic,,C,C4
2106.03695,Neurons on Amoebae,Jiakang Bao,2021,Journal of Symbolic Computation 116 (2023); DOI 10.1016/j.jsc.2022.08.021,experimental,用神经网络、流形学习与图像处理研究 2 维 amoeba：以嵌入流形投影复现 lopsidedness 判据，并用权重/偏置近似判定 genus 与 membership,F₀ 等 2 维 amoeba（含正系数）、lopsided 标签、genus/membership 任务,F₀ 正系数 lopsided amoeba 判定准确率约 99%，genus 预测 >90%，图像处理可直接处理 amoeba,数据驱动近似，无精确性与误差保证,4,include,给出可执行的 ML 流程直接判定 lopsidedness（amoeba 补集）与拓扑,classic,,C,"C1,C2,C4"
2210.04412,Non-Bloch bands in two-dimensional non-Hermitian systems,Kazuki Yokomizo,2022,"Phys. Rev. B 107, 195112 (2023); DOI 10.1103/PhysRevB.107.195112",theoretical,把 2D 非布洛赫问题归约为 1D 非厄米问题，从而得到复波矢的 GBZ,非厄米 Chern 绝缘体（与边缘态存在性作 bulk-edge 对照）,在两类 2D 系统中建立非布洛赫能带理论并验证 GBZ-Chern 数与边缘态对应,仅适用于可归约到 1D 的两类特殊系统,4,include,2D GBZ 数值可操作化的关键降维路线,classic,yes,B,B2
2212.06553,Mahler Measuring the Genetic Code of Amoebae,Siqi Chen,2022,hep-th 预印本,engineering/numerical,用符号回归/机器学习数值提取 amoeba 分量（有界补集体积等）与 Mahler measure 的数值关系，并用 ML 直接学习 3d amoeba 拓扑；另给部分 amoeba 边界解析式,2d/3d amoeba（Newton 多项式，quiver/dimer 背景）,"有界补集体积与 Mahler measure 的 gas 相贡献满足 d 次多项式关系（d=2,3），ML 学习 3d 拓扑表现良好",数据驱动拟合而非严格算法；未报告复杂度与精度界,4,include,直接给出 amoeba 数值计算/学习的实现与对照，可作算法与基准参考,classic,no,A;C,"A2,C1,C2"
2311.16868,Two-dimensional Asymptotic Generalized Brillouin Zone Theory,Zeqi Xu,2023,arXiv preprint（无 journal_ref）,theoretical,由几何无关的 Bloch/非 Bloch Fermi 点与几何相关的非布洛赫等频轮廓连接，逐 E0 确定 2D asymptotic GBZ,两个代表性最小 2D 非厄米模型（可解模型基准）,证明 OBC 谱区域与边界几何无关，并给出 2D asymptotic GBZ 的确定方式,仅在最小模型上解析求解，未给出通用数值算法,4,include,2D GBZ 可计算路线的核心理论依据,recent3,yes,B,B2
2402.08798,Dimers and M-Curves,Alexander I. Bobenko,2024,math-ph 预印本,theoretical+numerical,用 M-曲线上的亚纯微分积分给出 Ronkin 函数与表面张力显式公式，并基于 Schottky 均匀化给出具体计算流程（算权重、采样 dimer 构型）,双周期二分图 dimer 模型 / M-曲线族,给出 Ronkin 函数显式积分公式，计算结果与理论预言完全一致,对象为 dimer 表面张力而非厄米 GBZ；摘要未报告复杂度,4,include,少数给出 Ronkin 函数显式公式并附数值验证的文献，可作算法与基准参考,recent3,no,A,A2
2405.03750,Anatomy of Higher-Order Non-Hermitian Skin and Boundary Modes,Fan Yang,2024,"Phys. Rev. Research 7, 023233 (2025), DOI 10.1103/PhysRevResearch.7.023233",theoretical,对任意维度一大类模型的精确解析解，结合考虑 separation gap 的 amoeba 理论及双正交极化/GBZ 的高维推广，追踪体模与边界模的拓扑起源,d 维非厄米模型（d_c ≤ d 个方向开边界）,给出 amoeba 理论 + 高维 GBZ 推广的统一图景，可分辨体模与边界模,以解析解为主，摘要未给出通用数值算法与复杂度,4,include,在高维实际使用 amoeba 理论区分体/边界谱，是算法适用范围的参考,recent3,yes,A,A1
2506.08618,HSG-12M: A Large-Scale Benchmark of Spatial Multigraphs from the Energy Spectra of Non-Hermitian Crystals,Xianquan Yan,2025,ICLR 2026,engineering,开源高性能流水线 Poly2Graph，自动把 1D 晶体哈密顿量映射为复平面谱图并构建数据集与 GNN 基准,HSG-12M（11.6M 静态 + 5.1M 动态谱图，1401 个特征多项式类，源自 177 TB 谱势数据）,首个大规模空间多重图数据集，暴露 GNN 学习空间多重边的新挑战,仅 1D 哈密顿量；关注图学习而非 GBZ/Ronkin 数值精度,4,include,提供谱势/谱图的规模化数值流水线与基准，是“数值实现与验证基准”的直接素材 [跨批判定不一致：A=include/B=unclear],recent3,no,A;B,"A3,B5"
2603.21116,Solid Amoebas of Maximally Sparse Polynomials,Mounir Nisse,2026,arXiv preprint（无 journal_ref/DOI）,theoretical,通过分析 Ronkin 函数线性域在 Laurent 多项式热带退化下的稳定性，证明 Passare–Rullgård 极大稀疏 amoeba 实心猜想,无计算实例（22 页）,证明极大稀疏时不会出现对应内格点的新斜率，amoeba 补集取最小可能拓扑，并证明 Newton 细分在参数充分小时与热带细分一致,属结构性证明，未给出计算 amoeba 的算法,4,include,明确提出 Newton 细分→热带细分稳定化（可计算路径）并以此决定 amoeba 补集拓扑 [跨批判定不一致：A=unclear/C=include],recent3,no,A;C,"A2,C2"
2607.22976,Spectral Topology and Non-Bloch Band Theory for Domain-Wall Systems,Mingtao Xu,2026,无期刊信息,theoretical,把 Ronkin 函数形式推广到域壁环形构型，得到各类模的 GBZ 条件与谱绕数,1D 非厄米域壁/环几何模型,得到基于 Ronkin 函数形式化的 GBZ 条件，区分驻波型与行波型皮肤模,摘要未给出数值算法细节/基准,4,include,直接扩展 Ronkin 函数形式以解 GBZ，属算法层面推广,recent3,no,A,A2
math-ph/0311005,Dimers and Amoebae,Richard Kenyon,2003,arXiv preprint（无 journal_ref/DOI）,theoretical,给出双周期二聚体模型的表面张力与局部 Gibbs 测度显式公式，表面张力 = 谱曲线 Ronkin 函数的 Legendre 对偶；amoeba 即相图,二聚体/二部双周期图模型,证明二聚体谱曲线必为 Harnack 曲线，由此得到光滑相存在、关联衰减率等定量结论,针对二聚体这一可积类，无一般 Laurent 多项式 Ronkin 函数的普适算法,4,include,把 Ronkin 函数作为核心计算对象（Legendre 对偶）并给出显式公式,classic,no,A;C,"A2,C1,C2"
"1310.8472","Amoebas, Ronkin function and Monge-Ampère measures of algebraic curves with marked points",I. Krichever,2013,math.AG 预印本,theoretical,对带 punctures 代数曲线上的调和函数对推广 amoeba 与 Ronkin 函数，并证明 M-曲线的极值性质,平面代数曲线 / 差分算子谱理论,建立 M-曲线极值性质并与正系数差分算子谱理论联系,纯形式化结果，摘要未给出可执行的 Ronkin 函数计算方式,3,unclear,极值性质与差分算子谱理论相关，但摘要无法判断是否含可执行算法 [跨批判定不一致：A=unclear/C=exclude],classic,no,A;C,"A2,C2"
0806.0606,"Toric Kähler metrics seen from infinity, quantization and compact tropical amoebas",Thomas Baier,2008,J. Differential Geometry 89 (2011) 411-454; DOI 10.4310/jdg/1335207374,theoretical,通过“从无穷远观察”toric Kähler 度量得到无穷远切锥并用完备测地线等价类参数化，在 Legendre 变换变量下刻画紧超曲面 amoeba 的极限,无计算实例,证明 Legendre 变换变量下紧超曲面 amoeba 的极限由 tropical amoeba 描述，并给出全纯/实极化量子化的连续插值,极限/退化描述而非构造性算法，摘要无数值实现,3,unclear,连接复 amoeba 与 tropical amoeba 但为理论极限描述，无明确计算途径,classic,,C,C2
0906.2729,Geometric and Combinatorial Structure of Hypersurface Coamoebas,Mounir Nisse,2009,arXiv preprint（无 journal_ref/DOI）,theoretical,构造由 Newton 多面体 Δ 与系数决定的复热带超曲面 V_{∞,f}，构造 coamoeba 的 shell（余对偶超平面排列），刻画 order map 的像,无计算实例（39 页 45 图）,复 coamoeba 与其热带极限同胚、shell 满足平衡条件，并据此证明极大稀疏多项式 amoeba 实心,组合几何刻画为主，缺可执行算法与数值实现,3,unclear,依赖 Newton 多面体组合构造，但只给结构定理而非可执行算法,classic,,C,C2
0911.1783,Numerical Algebraic Geometry for Macaulay2,Anton Leykin,2009,J. Software for Algebra and Geometry 3 (2011) 5-10,engineering,把 Macaulay2 符号计算与数值引擎互连的软件包，核心为数值多项式同伦延拓,Macaulay2 包 NumericalAlgebraicGeometry，性能与主流同伦软件可比,软件包核心过程性能可与其它同伦延拓软件竞争,通用 NAG 工具，不含 amoeba/Ronkin/Newton 多面体专门功能,3,include,提供同伦延拓/数值代数几何的可执行软件底座，是 amoeba 数值计算的工具链,classic,,C,C3
1412.1585,A Ronkin type function for coamoebas,Petter Johansson,2014,arXiv preprint（无 journal_ref/DOI）,theoretical,在 coamoeba 情形引入 Ronkin 函数的类比（Ronkin type function），并用它推导 coamoeba 的 shell（环面排列）的性质,无计算实例（2 图）,该 Ronkin 型函数与 coamoeba shell 密切相关，可用于得到其性质,纯定义与性质推导，无算法与数值实现,3,unclear,属 Ronkin 函数的正式推广，但摘要未说明“如何计算”，需全文判断 [跨批判定不一致：A=unclear/C=exclude],classic,no,A;C,"A2,C2"
1506.07606,Asymptotic Dynamics of Monopole Walls,R. Cross,2015,"Phys. Rev. D 92, 045029 (2015)",theoretical,用 Newton 多面体与 amoeba 研究 U(N) 双周期 BPS 磁单极壁的 Higgs 曲线，据此确定渐近动力学,U(N) 双周期 BPS 磁单极壁，21 页 5 图,证明模变大时磁单极壁分裂为子壁并导出模空间渐近度量,amoeba/Newton 多面体只是分析工具，无 amoeba 计算输出,3,unclear,物理侧使用 amoeba 但计算方法次要、无 amoeba 输出（边界情形）,classic,,C,C2
1607.05937,Zeros and amoebas of partition functions,M. Angelelli,2016,arXiv preprint（无 journal_ref/DOI）,theoretical,研究实值非正定配分函数零点轨迹的分层结构，引入“统计 amoeba”概念并讨论其 tropical 极限与代数 amoeba 的关系,无计算实例（41 页 25 图）,证明零点集具分层结构且每层是 R^n 中某类超曲面，并建立统计 amoeba 与代数 amoeba、tropical 极限的联系,摘要未给出可执行算法或数值算例,3,unclear,涉及 amoeba 与 tropical 极限但摘要层面无可执行算法（边界情形，需全文）,classic,,C,"C1,C2"
2104.04408,Decimation limits of principal algebraic Z^d-actions,Elizaveta Arzhakova,2021,"Israel J. Math 265 (2025) 255-299, DOI 10.1007/s11856-024-2676-z",theoretical,证明 principal Z^d-作用的 decimation 重正化极限存在，且等于 Ronkin 函数 Legendre 对偶的负值,整数系数 Laurent 多项式的 principal 代数 Z^d-作用,识别 decimation 极限 = −(Ronkin 函数的 Legendre 对偶)，d=2 时与 dimer 表面张力一致,纯定理；摘要未报告数值实现、精度或复杂度,3,unclear,给出 Ronkin 函数（对偶）的一种极限构造，是否可作实用算法摘要层面不明,classic,no,A,A2
2212.13704,Ronkin/Zeta Correspondence,Takashi Komatsu,2022,math-ph 预印本,theoretical,建立 Ronkin 函数与随机游走/量子游走 zeta 函数之间的新关系（1D、高维随机游走；1D 量子游走）,1D/高维随机游走与 1D 量子游走,首次通过量子游走把 Ronkin 函数与 zeta 函数联系起来,未涉及非厄米 GBZ；摘要未给出数值精度/复杂度,3,include,给出 Ronkin 函数的一种可计算对应（zeta 函数），可作求值途径参考 [跨批判定不一致：A=include/C=exclude],classic,no,A;C,"A2,C2"
2304.08598,A stratified polyhedral homotopy method for sampling positive-dimensional zero sets of polynomial systems,Tianran Chen,2023,arXiv preprint（无 journal_ref/DOI）,engineering,用改进的 polyhedral homotopy 把孤立解计算与非孤立分支的 witness set 采样统一到一个框架,数值代数几何框架，摘要未说明具体软件,统一孤立解与非孤立分支的采样，并在某些情形把 BKK 界分解为局部贡献之和,摘要未提及 amoeba/Ronkin/对数映射，是否有显式实现不明,3,unclear,属 Newton 多面体/polyhedral homotopy 可执行算法但未涉及 amoeba，O 维度无法在摘要级判定,classic,,C,C3
2305.19025,Szego Theorem for Operator Orthogonal Polynomials,Badr Missaoui,2023,arXiv preprint（无 journal_ref）,theoretical (math.PR),把单位圆上正交多项式的经典 Szegő 理论推广到无穷维算子情形,算子正交多项式,建立无穷维情形对应的 Szegő 极限定理,纯数学推广，无算法实现；未与非厄米谱势相联,3,include (math-tool side),提供 Szegő/Toeplitz 渐近的数学工具，未直接涉及 amoeba/Ronkin/非布洛赫谱势,recent3,no,B,B3
2310.18627,Constraints of internal symmetry on the non-Hermitian skin effect and bidirectional skin effect under the action of the Hermitian conjugate of time-reversal symmetry,Shu-Xuan Wang,2023,"Phys. Rev. B 109, L081108, DOI 10.1103/PhysRevB.109.L081108",theoretical,采用 Amoeba 表述建立内部对称性与 NHSE 行为的一般对应,任意维度非厄米体系（含时间反演† 对称）,发现时间反演† 对称下本征态可同时局域在相对边界（双向趋肤效应），超出 Amoeba 表述,摘要未给出 amoeba/Ronkin 具体计算步骤；无基准,3,unclear,Amoeba 表述是核心但摘要只见对称性对应，未说明“如何计算”；其 beyond-Amoeba 结论是有价值的失效模式线索,recent3,no,A,A1
2405.11832,Braiding Topology of Non-Hermitian Open-Boundary Bands,Yongxu Fu,2024,"Phys. Rev. B 110, L121401 (2024); DOI 10.1103/PhysRevB.110.L121401",theoretical/numerical,提出 continuity criterion 与高效 sub-GBZ 算法，对开边界能带与 sub-GBZ 作同伦刻画（总涡度）,多带非厄米紧束缚模型（数值算例验证）,建立开边界能带的 braiding 拓扑刻画，并揭示 EP 处能带互换,sub-GBZ 只覆盖部分 GBZ，不直接给出 amoeba/Ronkin 量,3,include,明确给出“高效 sub-GBZ 算法”这一可执行数值路线,recent3,no,B,B1
2407.10166,General theory for infernal points in non-Hermitian systems,Shu-Xuan Wang,2024,"Phys. Rev. B 110, L201104, DOI 10.1103/PhysRevB.110.L201104",theoretical,基于非布洛赫能带论与 amoeba 表述建立 1D 与高维开边界体系中 infernal point（宏观本征态聚并）的判据，并解释极端局域化,1D 及高维开边界非厄米模型,给出任意维度 infernal point 存在判据与波函数极端局域化机制,摘要未给出具体数值实现/精度,3,include,给出基于 amoeba 表述的判据，属 amoeba 判据的极端退化（失效）情形,recent3,yes,A,A1
2607.15424,Contour Degree of Amoebas of Complete Intersections,Mounir Nisse,2026,arXiv preprint（无 journal_ref/DOI）,theoretical,引入基于对数余法丛、对数 Grassmann 映射与行列式秩条件的对数余法框架，把 Lang–Shapiro–Shustin 的 Pfaffian 方法从超曲面推广到任意余维,无计算实例（25 页）,首次给出光滑完全交 amoeba contour 实次数的普适上界，并用 Bernstein 定理得到由 Newton 多面体决定的稀疏混合体积界,只给上界估计，不提供计算 contour 的算法或数值验证,3,unclear,明确依赖 Newton 多面体与混合体积但输出为次数估计而非 amoeba（O 维度边界）,recent3,,C,"C1,C2"
2608.03601,Singularities of Amoeba Contours,Mounir Nisse,2026,arXiv preprint（无 journal_ref/DOI）,theoretical,给出显式实代数方程组计算 amoeba contour 的奇点，区分对数临界轨迹退化与不同临界提升的重合,平面曲线情形可实际求解的方程组（检测 nodes/cusps/多分支），12 图,平面曲线情形的奇点检测方程组可实用，并证明最大稀疏性不最大化 contour 奇点,对象是 contour 奇点而非 amoeba 本体或补集，未涉及 Ronkin 函数,3,include,给出计算 amoeba contour 奇点的显式可执行方程组，与对数 Gauss 映射路线直接相关,recent3,,C,"C1,C4"
2609.23224,Symmetry reductions and recurrence degrees for banded Toeplitz determinants and permanents,Max A. Alekseyev,2026,arXiv preprint（无 journal_ref）,theoretical/numerical,对带状 Toeplitz 行列式给出递推状态空间压缩算法：对称情形 \binom{2m}{m}→C_{m+1}、斜对称 2·3^{m-1}，并给出半边平方分解,平衡带状 Toeplitz 支撑（Catalan 数、Hessenberg 族作对照基准）,得到各类对称性下 Toeplitz 行列式/永久式的通用标量最小递推复杂度界,结果针对一般带状 Toeplitz，未与任何谱势/非厄米问题相联,3,include,Q4 中唯一真正“算法层”的 Toeplitz 行列式计算方法,recent3,no,B,B4
1608.06077,Geometry of generalized amoebas,Yury Eliyashev,2016,math.AG 预印本,theoretical,把 Krichever 的广义 amoeba/Ronkin 函数推广到高维，并平移已有几何结果,广义 amoeba 与 Ronkin 函数（高维）,给出广义 amoeba 的高维几何结果,纯几何定理，摘要未给出计算途径,2,unclear,广义 Ronkin 函数的形式化几何结果，是否含可执行计算摘要不明 [跨批判定不一致：A=unclear/C=exclude],classic,no,A;C,"A2,C1,C2"
1904.02492,Non-Hermitian Weyl Semimetals: Non-Hermitian Skin Effect and non-Bloch Bulk-Boundary Correspondence,Xiaosen Yang,2019,arXiv preprint（无 journal_ref）,theoretical/numerical,用非布洛赫 Chern 数获取拓扑相图，并以数值能谱确认,3D 非厄米 Weyl 半金属（PBC/OBC 数值能谱对照）,建立非厄米 Weyl 半金属的非布洛赫体边对应，Fermi 弧由非布洛赫 Chern 数决定,摘要未给出 GBZ 的具体数值求解方法,2,unclear,高维非布洛赫不变量计算，但算法层信息不足,classic,no,B,B1
1905.02211,Non-Hermitian Topological Invariants in Real Space,Fei Song,2019,"Phys. Rev. Lett. 123, 246801 (2019); DOI 10.1103/PhysRevLett.123.246801",theoretical/numerical,直接由实空间波函数构造可计算的非厄米拓扑不变量，绕开显式 GBZ 求解,若干代表性非厄米模型（与 GBZ 图像互为对偶对照）,给出实空间可计算的拓扑不变量并高效获得结果,完全绕开 amoeba/GBZ，与谱势路线无关,2,unclear,“直接可计算的不变量”思路相关，但方法路线与 amoeba 计算不同,classic,no,B,B1
2212.03173,Generalized amoebas for subvarieties of GL_n(C),Rémi Delloque,2022,math.AG 预印本,theoretical,把 amoeba 概念推广到 GL_n(C) 子簇（矩阵 amoeba），推广 Ronkin 函数并用 Newton 多面体刻画渐近方向,矩阵 amoeba（GL_n(C) 子簇）,证明矩阵 amoeba 闭、超曲面补集分支凸，并部分推广 amoeba 收敛到 tropical variety,摘要未涉及数值实现,2,unclear,涉及 Newton 多面体/tropical 方向（与算法相关），但摘要无计算方法 [跨批判定不一致：A=unclear/C=exclude],classic,no,A;C,"A2,C2"
2401.12213,Identifying gap-closings in open non-Hermitian systems by Biorthogonal Polarization,Ipsita Mandal,2024,"J. Appl. Phys. 135, 094402 (2024); DOI 10.1063/5.0198855",theoretical/numerical,比较 GBZ 上双带绕数之和与双正交极化两个候选不变量,1D/2D 双带非厄米紧束缚模型（两种候选量互为对照）,双正交极化在相变处跳变且保持 0/1 量子化，GBZ 绕数则出现不连续,GBZ 仅作为不变量定义域，无计算算法讨论,2,unclear,触及 GBZ 上的绕数计算但无算法贡献,recent3,no,B,B2
2401.12536,Non-Bloch Theory for Spatiotemporal Photonic Crystals Assisted by Continuum Effective Medium,Haozhi Ding,2024,"Phys. Rev. Research 6, 033167 (2024); DOI 10.1103/PhysRevResearch.6.033167",theoretical/numerical,用连续有效介质处理时空不可分性，并以“平面波展开嵌入转移矩阵”的数值方法识别 GBZ,时空调制光子晶体（低频谱 Floquet 带）,建立 STM-PhC 的非布洛赫能带理论并给出非布洛赫 Zak 相,连续介质/光子晶体设定，非紧束缚格点，与 amoeba/Ronkin 未对接,2,unclear,提供数值定位 GBZ 的路线，但对象是连续光子晶体而非格点 amoeba,recent3,no,B,B1
2407.09871,Non-Bloch band theory for time-modulated discrete mechanical systems,Kei Matsushima,2024,J. Sound Vib. 595 (2025) 118757; DOI 10.1016/j.jsv.2024.118757,engineering/numerical,用时间 Floquet 理论把问题化为线性代数本征问题，提出基于 GBZ 的非布洛赫能带理论,时变刚度质量-弹簧链（与标准 Bloch 能带理论预测对照，数值实验验证）,证明标准 Bloch 能带理论失效，GBZ 理论可正确给出有限长链本征值分布,1D 力学链，无 amoeba/Ronkin 层面,2,unclear,提出可验证的 GBZ 计算流程但对象离研究问题较远,recent3,no,B,B1
2410.05427,Topological characterization of a non-Hermitian ladder via Floquet non-Bloch theory,Koustav Roy,2024,"Phys. Rev. B 111, 115424 (2025); DOI 10.1103/PhysRevB.111.115424",theoretical/numerical,通过对称时间框架与高频展开构造 GBZ，用于恢复 BBC 并计算非布洛赫不变量,非厄米 ladder 的 delta/step/harmonic 驱动（多驱动协议互为对照）,给出相图并显示强非厄米极限下 0 与 π 模共存,GBZ 由既有框架套用，非新算法,2,unclear,GBZ 为工具而非算法贡献,recent3,no,B,B1
2411.00549,Characterizing topological pumping of charges in exactly solvable Rice-Mele chains of the non-Hermitian variety,Ipsita Mandal,2024,"Phys. Rev. A 111, 032213 (2025); DOI 10.1103/PhysRevA.111.032213",theoretical,对驱动非厄米 Rice-Mele 链在 OBC 下构造非布洛赫 GBZ，并用双正交左右本征矢计算 Chern 数,精确可解非厄米 Rice-Mele 链（BZ/GBZ 两套 Chern 数对照）,发现谱虚部强涨落时 Thouless 泵浦偏离量子化值,是 1D 驱动映射出的 2D 流形，非真正 2D amoeba 计算,2,unclear,GBZ 构成为主，未触及 amoeba/Ronkin 数值方法,recent3,no,B,"B1,B2"
2412.14912,Recurrence method in Non-Hermitian Systems,Haoyan Chen,2024,"Phys. Rev. B 111, 165118 (2025); DOI 10.1103/PhysRevB.111.165118",numerical/engineering,基于特征多项式递推关系系统计算 OBC 能谱，并给出非厄米边缘谱的定向高效表述,非厄米 SSH/Rice-Mele、非厄米 Hofstadter butterfly（2D）（对比数值对角化与非布洛赫能带理论）,在多带系统上精度与性能优于数值对角化和非布洛赫能带理论,直接算 OBC 谱，不产出 amoeba/Ronkin/谱势零点集,2,unclear,是 OBC 谱的高效替代算法，但未落在 amoeba/Ronkin 判据路径上,recent3,yes,B,B1
2506.08714,Non-Abelian Gauge Effect for 2-D Non-Hermitian Hatano-Nelson Model in Cylinder Type,Yiming Zhao,2025,arXiv preprint（无 journal_ref）,theoretical/numerical,从 GBZ 定义极化参数以定量区分单向/双向趋肤模,2D 非厄米 Hatano-Nelson + SU(2) 非阿贝尔规范（与实空间本征态直接编码对照）,极化参数可判别 left/right/bipolar 趋肤模并与实空间结果一致,模型特定，GBZ 构造细节摘要未给,2,unclear,2D GBZ 的可用判据，但方法仅为次要内容,recent3,no,B,B2
2603.21954,Floquet generation of hybrid-order topology and Z2-like bipolar localization,Koustav Roy,2026,arXiv preprint（无 journal_ref）,theoretical/numerical,通过对称约化映射到有效 1D 问题来构造 2D GBZ，并计算非布洛赫不变量,Floquet BBH 模型 + 非互易跃迁（Floquet 协议间对照）,恢复被破坏的体边对应并刻画单极→双极局域转变,GBZ 由对称约化获得，不适用于一般 2D 模型,2,unclear,2D GBZ 构造算法，但依赖模型对称性、非通用,recent3,no,B,"B1,B2"
2603.25451,Exceptional-point-constrained locking of boundary-sensitive topological transitions in chiral non-Hermitian SSH-type lattices,Huimin Wang,2026,arXiv preprint（无 journal_ref）,theoretical/numerical,以 EP 约束参数演化锁定 PBC 点隙绕转与 OBC 非布洛赫实线隙转变，并用数值 GBZ 计算验证,手性非厄米 SSH 型晶格（含自旋四带扩展，解析可解极限作对照）,在 EP 约束扫掠下 PBC 绕转变化可指示 OBC 非布洛赫转变,GBZ 数值是验证工具而非方法论创新，未涉及 amoeba/Ronkin,2,unclear,含 2D GBZ 数值计算但算法只是次要内容,recent3,no,B,B1
2604.06998,Identifying Topological Invariants of Non-Hermitian Systems via Domain-Adaptive Multimodal Model for Mathematics,Jiuchun Meng,2026,arXiv preprint（无 journal_ref）,engineering (AI 方法),多模态模型做双轨对齐 + 工具集成推理，把连续物理数据映射为离散拓扑指标,长程跃迁系统；报告 97% non-Bloch Chern 数准确率、可重构 3D GBZ,能以零误差符号计算重构复杂 3D GBZ 并高精度给出非布洛赫 Chern 数,是数据驱动模型，不给出可解释的 amoeba/Ronkin 解析或数值算法；基准为自建数据集,2,unclear,明确涉及 3D GBZ 重构的数值结果，但方法范式与解析算法路线不同,recent3,yes,B,B1
2605.24963,Degree Bounds for Amoeba Contours,Mounir Nisse,2026,arXiv preprint（无 journal_ref/DOI）,theoretical,用 toric 与对数方法把 amoeba contour 几何与对数 Gauss 映射、混合体积、Newton 多面体几何联系起来，证明对数临界方程组的渐近阶优于经典 Pfaffian 界,无计算实例（22 页）,把 contour 预期增长从 d^{2n} 降到 d^n，并给出完全交的对数 Grassmann 猜想性理论,只给渐近次数上界与猜想，无可执行算法或数值实现,2,unclear,围绕 amoeba contour 的渐近界，无计算路径（I 维度边界）,recent3,,C,"C1,C2"
2607.15429,Sparse Bounds for Amoeba Contours,Mounir Nisse,2026,arXiv preprint（无 journal_ref/DOI）,theoretical,用对数余法消元与基于变换后 Newton 多面体的稀疏混合体积技术改进 Lang–Shapiro–Shustin Pfaffian 方法，推导 amoeba contour 实次数的通用与稀疏上界,无计算实例（28 页）,得到更 sharp 的稀疏与通用上界，并用显式例子说明相对已知界的改进,仅为复杂度上界估计，不产出 amoeba 或其补集的数值近似,2,unclear,提供稀疏 Newton 多面体界但无可执行算法（I 维度边界）,recent3,,C,"C1,C2"
math/0311062,Planar dimers and Harnack curves,Richard Kenyon,2003,math.AG 预印本,theoretical,证明 Harnack 曲线均为某 dimer 模型的谱曲线，用 amoeba 洞面积/触须间距作全局坐标，并刻划 Ronkin 函数下体积的极小化,平面 dimer 模型 / Harnack 曲线,给出 Harnack 曲线空间与闭八分体同胚，并证明属零 Harnack 曲线是 Ronkin 函数下体积的极小者,形式化，无算法/数值基准,2,unclear,提供 Ronkin 函数的变分极值刻划（与 Ronkin 极小相关），但摘要无计算方法 [跨批判定不一致：A=unclear/C=exclude],classic,no,A;C,"A2,C2"
2206.03029,Liouville quantum gravity from random matrix dynamics,Paul Bourgade,2022,arXiv preprint（无 journal_ref）,theoretical (math.PR),用手术论证 + 行列式点过程估计 + Lie 群随机分析，证明 Widom(1973) Fisher-Hartwig 渐近的多时间推广,实符号 Toeplitz 行列式；Brownian motion on U(N),建立 2D LQG 与随机矩阵动力学联系并给出多时间 Fisher-Hartwig 渐近,与 amoeba/Ronkin/非厄米趋肤效应无任何关联；无基准,1,unclear,起点是 Widom 型 Toeplitz 渐近，但应用域为 LQG，未涉 amoeba/Ronkin/非厄米谱势；未纳入本次 math-tool 口径扩展,classic,no,B,B4
math/0012200,One more proof of the Borodin-Okounkov formula for Toeplitz determinants,A. Boettcher,2000,arXiv preprint（无 journal_ref）,theoretical (math.FA),基于有限块 Toeplitz 矩阵求逆公式给出 Borodin-Okounkov 恒等式的新证明（含块情形）,块 Toeplitz 行列式（与 Basor-Widom 结果互证）,给出块 Toeplitz 行列式恒等式的新证明,纯恒等式证明，无算法实现、无基准,1,include (math-tool side),提供 Szegő/Toeplitz 渐近的数学工具，未直接涉及 amoeba/Ronkin/非布洛赫谱势,classic,no,B,B4
math/0212215,Szego limit theorem for operators with discontinuous symbols and applications to entanglement entropy,Dimitri Gioev,2002,Int. Math. Res. Not. 2006, Art. ID 95181; DOI 10.1155/IMRN/2006/95181,theoretical (math.FA),对符号在位置与动量上均可不光滑的伪微分型积分算子给出带尖锐余项的单项 Szegő 渐近,两个紧集特征函数之积型符号；应用于自由费米子面积熵律破坏,给出非光滑符号的 Szegő 型渐近并支持 Widom 的一个猜想,无算法实现，未与非厄米谱势相联,1,include (math-tool side),提供 Szegő/Toeplitz 渐近的数学工具，未直接涉及 amoeba/Ronkin/非布洛赫谱势,classic,no,B,B3
math/0612487,Generalized Krein algebras and asymptotics of Toeplitz determinants,Albrecht Böttcher,2006,arXiv preprint（无 journal_ref）,survey/theoretical (math.FA),综述广义 Krein 代数 K_{p,q}^{α,β} 及其对 Toeplitz 行列式渐近的应用，方法涵盖算子理想、Toeplitz 算子与 Wiener-Hopf 分解,块 Toeplitz 行列式符号类（Widom 强 Szegő 定理作对照）,把强 Szegő 型结果推广到 0<λ<1 的符号类,是综述+理论推广，不含可执行数值流程,1,include (math-tool side),提供 Szegő/Toeplitz 渐近的数学工具（含 Wiener-Hopf 分解要素），未直接涉及 amoeba/Ronkin/非布洛赫谱势,classic,no,B,B4
math/1102.4131,Szego limit theorem on the lattice,Jitendriya Swain,2011,arXiv preprint（无 journal_ref）,theoretical (math-ph),证明 ℓ²(Z^d) 上 H=Δ+V 的 Szegő 型极限定理，给出 Tr(f(π_λ B π_λ))/Tr(π_λ) 的极限表达式,Z^d 上薛定谔算子（d 维格点）,建立 d 维格点上的 Szegő 极限定理,纯渐近定理，无算法实现与数值基准,1,include (math-tool side),提供 Szegő/Toeplitz 渐近的数学工具，未直接涉及 amoeba/Ronkin/非布洛赫谱势,classic,no,B,B3
2506.22743,Multidimensional non-Bloch spectral theory,,,,,,,,,,unclear,arXiv API 对该条未返回可解析的 summary 或字段错位，按诚信要求不推断内容，需人工复核该条 XML,,yes,B,B2
