arxiv_id,title,first_author,year,venue_or_status,date,decision,relevance,type,rationale,final_disposition
1603.05312,Anomalous edge state in a non-Hermitian lattice,Tony E. Lee,2016,Phys. Rev. Lett. 116, 133903,2016-03,include (foundational),5,theoretical,Earliest non-Bloch edge-state anomaly; cited in project bib,included (foundational)
1803.01876,Edge states and topological invariants of non-Hermitian systems,Shunyu Yao,2018,Phys. Rev. Lett. 121, 086803,2018-03,include (foundational),5,theoretical,Introduces GBZ and non-Bloch bulk-boundary correspondence,included (foundational)
1804.04672,Non-Hermitian Chern bands,Shunyu Yao,2018,Phys. Rev. Lett. 121, 136802,2018-04,include (foundational),5,theoretical,First non-Bloch (GBZ) Chern numbers in 2D,included (foundational)
1902.10958,Non-Bloch Band Theory of Non-Hermitian Systems,Kazuki Yokomizo,2019,Phys. Rev. Lett. 123, 066404,2019-02,include (foundational),5,theoretical,Systematic 1D GBZ definition used as basis of SGBZ formalism,included (foundational)
1912.05499,Non-Hermitian bulk-boundary correspondence and auxiliary generalized Brillouin zone theory,Zhesen Yang,2020,Phys. Rev. Lett. 125, 226402,2019-12,include (foundational),5,theoretical,Resultant/algebraic (aGBZ) method; foundation of char-poly approach,included (foundational)
2212.11743,Amoeba Formulation of Non-Bloch Band Theory in Arbitrary Dimensions,Hong-Yi Wang,2024,Phys. Rev. X 14, 021011,2022-12 (pub. 2024),include (foundational),5,theoretical,Project foundation; amoeba method replicated in repo,included (foundational)
2210.04412,Non-Bloch bands in two-dimensional non-Hermitian systems,Kazuki Yokomizo,2023,Phys. Rev. B 107, 195112,2022-10 (pub. 2023),include (foundational),5,theoretical,2D non-Bloch bands via reduction to 1D GBZ (strip-like limit),included (foundational)
2102.05059,Universal non-Hermitian skin effect in two and higher dimensions,Kai Zhang,2022,Nat. Commun. 13, 2496,2021-02 (pub. 2022),include (foundational),5,theoretical,Origin of geometry-dependent/corner skin effect classification,included (foundational)
2406.06682,Algebraic non-Hermitian skin effect and generalized Fermi surface formula in arbitrary dimensions,Kai Zhang,2025,Phys. Rev. X 15, 031039,2024-06 (pub. 2025),include,4,theoretical,Generalized Fermi surface framework for 2D+ OBC spectra,included
2306.12022,Topological origin of non-Hermitian skin effect in higher dimensions and uniform spectra,Haiping Hu,2025,Sci. Bull. 70, 51,2023-06 (pub. 2025),include,5,theoretical,Uniform spectra across lattice geometries; geometry-independent OBC spectral area,included
2508.13275,Generalized Brillouin Zone Fragmentation,Haiyu Meng,2026,arXiv (v2 2026-02),2025-08,include,5,theoretical,Non-unique fragmented GBZs; scalable computation formalism,included
2510.07214,Topology of the generalized Brillouin zone of one-dimensional models,Heming Wang,2026,Phys. Rev. Lett. 136, 206601,2025-10 (pub. 2026),include,4,theoretical,GBZ connectivity/disconnectedness structure theory,included
2511.11349,Wiener-Hopf factorization and non-Hermitian topology for Amoeba formulation in one-dimensional multiband systems,Shin Kaneshiro,2026,Phys. Rev. Research 8, 013292,2025-11 (pub. 2026),include (adjudicated),5,theoretical,Rigorous multiband foundation of amoeba/Ronkin method used in code,included
2502.17931,Symplectic-Amoeba formulation of the non-Bloch band theory for one-dimensional two-band systems,Shin Kaneshiro,2025,arXiv,2025-02,include,4,theoretical,Band-resolved Ronkin optimization for degenerate multiband,included per criteria; below cut (subsumed by 2511.11349)
2407.10166,General theory for infernal points in non-Hermitian systems,Shu-Xuan Wang,2024,Phys. Rev. B 110, L201104,2024-07 (pub. 2024),include,5,theoretical,Amoeba+non-Bloch criteria in arbitrary dimensions,included
2604.24284,Non-Bloch band theory of nonlinear eigenvalue problems,Kota Otsuka,2026,arXiv,2026-04,include,4,theoretical,Extends GBZ framework to nonlinear eigenproblems,included
2607.07703,Non-Hermitian Edge State Endocytosis,Si-Yu Yuan,2026,arXiv,2026-07,include,4,theoretical,Widom expansion of characteristic determinant; non-Bloch mode subsets,included
2501.09785,Phase-space Generalized Brillouin Zone for spatially inhomogeneous non-Hermitian systems,Qingya Li,2025,arXiv,2025-01,include,5,theoretical,GBZ bifurcation/fragmentation in inhomogeneous settings,included
2603.22396,Boundary Floquet Control of Bulk non-Hermitian Systems,Yu-Min Hu,2026,arXiv,2026-03,include,4,theoretical,Floquet non-Bloch band theory extending GBZ methods,included
2405.03750,Anatomy of Higher-Order Non-Hermitian Skin and Boundary Modes,Fan Yang,2025,Phys. Rev. Research 7, 023233,2024-05 (pub. 2025),include,5,theoretical,Amoeba + GBZ + biorthogonal polarization in any dimension,included
2410.15763,Exact Solutions Disentangle Higher-Order Topology in 2D Non-Hermitian Lattices,Lingfang Li,2025,Phys. Rev. B 111, 075132,2024-10 (pub. 2025),include,4,theoretical,Exact 2D solutions; winding numbers for skin under double OBC,included
2412.02782,Non-Bloch Dirac Points and Phase Diagram in the Stacked Non-Hermitian SSH Model,Megan Schoenzeit,2025,Phys. Rev. B 111, L241109,2024-12 (pub. 2025),include,5,theoretical,2D geometry-dependent non-Bloch band crossings,included
2501.13440,Algebraic skin effect in two-dimensional non-Hermitian metamaterials,Mingyang Li,2026,Laser & Photonics Reviews e02117,2025-01 (pub. 2026),include,4,numerical,2D generalized-Fermi-surface criteria; photonic crystal design,included
2511.20518,Magnetic Control of the Non-Hermitian Skin Effect in Two-Dimensional Lattices,Stefano Longhi,2025,Phys. Rev. B 112, 214208,2025-11,include,4,theoretical,2D geometry-dependent skin vs magnetic flux,included
2511.13176,Stochasticity-induced non-Hermitian skin criticality,Xiaoyu Cheng,2026,arXiv,2025-11,include,4,theoretical,Competing GBZ solutions in 2D; critical GBZ,included
2604.10043,Quantum geometry of the non-Hermitian skin effect,Ken-Ichiro Imura,2026,arXiv,2026-04,include,4,theoretical,GBZ cusps signaled by quantum-metric discontinuities,included per criteria; below cut (1D models)
2605.19272,Non-Bloch Quantum Geometry of Non-Hermitian Systems,Junsong Sun,2026,arXiv,2026-05,include,4,theoretical,Quantum metric defined on GBZ; non-Bloch Wannier functions,included
2503.11505,Real-time edge dynamics of non-Hermitian lattices,Tian-Hua Yang,2025,Phys. Rev. Lett. 135, 186401,2025-03,include,4,theoretical,Edge dynamics governed by complex momenta possibly outside GBZ,included
2506.11871,Beyond characteristic equations: A unified one-dimensional non-Bloch band theory via wavefunction data,Haoshu Li,2025,Phys. Rev. Research 7, L042004,2025-06,include,4,theoretical,Limits of characteristic-equation-based GBZ computation,included
2507.09447,Lyapunov formulation of band theory for disordered non-Hermitian systems,Konghao Sun,2025,arXiv,2025-07,include,4,theoretical,Band theory without translational symmetry; winding criteria,included per criteria; below cut (disorder focus)
2510.20160,Unveiling non-Hermitian band structures with non-Bloch supercells,Jia-Xin Zhong,2025,arXiv,2025-10,include,4,experimental,Experimental complex-band mapping in 1D/2D acoustic crystals,included
2501.15209,Optimal spectral transport of non-Hermitian systems,Mingtao Xu,2025,Phys. Rev. B 111, 214305,2025-01,include,4,numerical,Wasserstein-metric extraction of (a)GBZ,included
2604.06998,Identifying Topological Invariants of Non-Hermitian Systems via Domain-Adaptive Multimodal Model,Jiuchun Meng,2026,arXiv,2026-04,include,4,numerical,ML reconstruction of 3D GBZ; non-Bloch Chern numbers,included
2403.18942,Transfer matrix analysis of non-hermitian Hamiltonians: asymptotic spectra and topological eigenvalues,Lars Koekenbier,2025,J. Spectral Theory,2024-03 (pub. 2025),include,4,theoretical,Rigorous Widom/GBZ asymptotic spectral theory,included
2412.14912,Recurrence method in Non-Hermitian Systems,Haoyan Chen,2025,Phys. Rev. B 111, 165118,2024-12,include (adjudicated),4,numerical,Characteristic-polynomial recurrence for OBC spectra incl. 2D Hofstadter,included
2603.19932,Anisotropic non-Hermitian skin effect in a two-dimensional Lieb photonic crystal,Zhi-Kang Xiong,2026,arXiv,2026-03,include,4,engineering,2D geometry-dependent skin prototype design,included per criteria; below cut (proposal)
2506.16308,Quantum dynamical signatures of non-Hermitian boundary modes,Fan Yang,2025,arXiv,2025-06,include,4,theoretical,GBZ-based criteria for boundary vs bulk dynamics,included per criteria; below cut (dynamics focus)
2605.30978,Parity-induced generalized Brillouin zone without non-Hermitian skin effect,Alexander Felski,2026,arXiv,2026-05,include (adjudicated),3,theoretical,Finite-size GBZ-like features without skin; caution for numerics,included per criteria; below cut (1D caveat)
2410.11257,Pole and zero edge state invariant for 1D non-Hermitian sublattice symmetry,Janet Zhong,2024,arXiv,2024-10,include,3,theoretical,Equivalence GBZ integral vs pole-zero algebra,included per criteria; below cut (1D)
2507.23744,Floquet Non-Bloch Formalism for a Non-Hermitian Ladder: From Theoretical Framework to Topolectrical Circuits,Koustav Roy,2025,Phys. Rev. Research 7, 043331,2025-07,include,3,theoretical,Floquet GBZ formulation + circuit realization,included per criteria; below cut (quasi-1D)
2602.12588,Topology and edge modes surviving criticality in non-Hermitian Floquet systems,Longwen Zhou,2026,Phys. Rev. Research 8, L022026,2026-02,include,3,theoretical,Cauchy argument principle on GBZ,included per criteria; below cut (1D Floquet)
2512.14974,Observation of non-Hermitian point gap in photonic crystals,Yuto Moritake,2026,Phys. Rev. Lett. 137, 046903,2025-12,unclear->include (adjudicated; confirmed by user),3,experimental,Direct point-gap observation; NHSE precursor in continuum PhC,included
2511.06844,Observation of Non-Hermitian Spectral Deformation in Complex Momentum Space,Mu Yang,2025,arXiv,2025-11,include,4,experimental,First direct extraction of GBZ in complex-momentum space,included
2601.01886,Geometry-induced Exceptional Point Detached from Fermi Arcs,Yuancheng Zhao,2026,arXiv,2026-01,include,5,experimental,Geometry-induced non-Bloch EPs in 2D Lieb lattice; experiment,included
2604.27585,Observation of Universal Spectral Moments and the Dynamic Dispersive-to-Proliferative Transition,Jia-Xin Zhong,2026,arXiv,2026-04,include,4,experimental,Geometry-dependent spectral reshaping vs boundary-robust moments (1-3D acoustic),included
2510.10632,Quantum-Squeezing-Induced Algebraic Non-Hermitian Skin Effects and Ultra Spectral Sensitivity,Zhao-Fan Cai,2025,arXiv,2025-10,exclude,3,theoretical,2D skin physics without GBZ/band-computation methods,excluded
2511.16393,Arbitrary Control of Non-Hermitian Skin Modes via Disorder and An Electric Field,Zhao-Fan Cai,2026,Phys. Rev. Research 8, 033021,2025-11,exclude,3,theoretical,Control scheme; no GBZ/non-Bloch methodology,excluded
2605.18272,Energy-Resolved Eigenmode Spectroscopy of 1-D and 2-D Non-Hermitian Skin Effects,Rohith Srikanth,2026,arXiv,2026-05,exclude,3,experimental,Skin-mode spectroscopy without GBZ/complex-momentum content,excluded
2512.19745,Observation of flat-band skin effect,Xulong Wang,2026,Phys. Rev. Lett. 137, 076601,2025-12,exclude,2,experimental,1D flat-band NHSE observation; no GBZ methodology,excluded
2411.13661,Non-Bloch self-energy of dissipative interacting fermions,He-Ran Wang,2026,arXiv (v2 2026-02),2024-11,exclude,3,theoretical,Many-body GBZ renormalization; not 2D geometry/computation,excluded
2606.03124,Many-Body Non-Hermitian Physics in the Generalized Brillouin Zone,Chaoze Lu,2026,arXiv,2026-06,exclude,2,theoretical,Many-body GBZ extension; no GBZ computation/geometry content,excluded
2512.11084,Topological Order and Non-Hermitian Skin Effect in Generalized Ideal Chern Bands,Jiong-Hao Wang,2026,arXiv,2025-12,exclude,3,theoretical,Manifold-dependent skin; no GBZ/non-Bloch advance,excluded
2511.17846,Unified Bulk-Entanglement Correspondence in Non-Hermitian Systems,Xudong Zhang,2025,arXiv,2025-11,exclude,2,theoretical,Entanglement diagnostics; peripheral to GBZ computation,excluded
2601.07615,Observation of exceptional topology and nonlocal skin effect in Klein bottle electric circuits,Pengtao Lai,2026,arXiv,2026-01,exclude,3,experimental,EP topology on Klein-bottle manifold; no GBZ content,excluded
2406.07626,Tailoring Bound State Geometry in High-Dimensional Non-Hermitian Systems,Ao Yang,2025,Commun. Phys. 8, 124,2024-06 (pub. 2025),exclude,3,theoretical,Geometry-dependent skin context but impurity bound-state focus,excluded
2605.25386,Non-Hermitian Twisting Theory under the open boundary condition,Chen-Hao Zhao,2026,arXiv,2026-05,unclear->exclude (adjudicated),3,theoretical,Alternative ZBZ formalism; no direct 2D GBZ computation value,excluded (borderline)
2504.04882,Observation of non-Hermitian bulk-boundary correspondence in non-chiral non-unitary quantum dynamics of single photons,Miao Zhang,2025,arXiv,2025-04,exclude,3,experimental,1D quantum-walk BBC; no GBZ/geometry content,excluded
2508.14495,Non-Hermitian funneling in anisotropic media,Yuan Tian,2025,arXiv,2025-08,exclude,3,experimental,Skin funneling in uniform media; no band-structure content,excluded
2511.16480,Adiabatic charge transport through non-Bloch bands,Dharana Joshi,2026,Phys. Rev. B 113, L161408,2025-11,exclude,2,theoretical,1D pumping; no GBZ computation/geometry methods,excluded
2506.22743,General theory for geometry-dependent non-Hermitian bands,Chenyang Wang,2025,arXiv (v3 2025-11),2025-06,own work,-,theoretical,User's own SGBZ preprint (matches doc/sn-main.tex),listed as own work (not counted)
2502.04755,Geometric origin of self-intersection points in non-Hermitian energy spectra,Jinghui Pi,2025,Phys. Rev. B 111, 165407,2025-02,own group,-,theoretical,Co-authored by user's group; aGBZ-BZ intersections,listed as own-group work
2407.01296,Non-Hermitian skin effect in arbitrary dimensions: non-Bloch band theory and classification,Yuncheng Xiong,2024,arXiv (unpublished),2024-07,include (user-approved; out of window),4,theoretical,Geometry-adaptive non-Bloch band theory in arbitrary dimensions; user approved inclusion 2026-08-18,included (report A9)
2311.16868,Two-dimensional Asymptotic Generalized Brillouin Zone Theory,Zeqi Xu,2023,arXiv (no journal ref found),2023-11,include (user-approved; out of window),5,theoretical,2D asymptotic GBZ via non-Bloch Fermi points/equal-frequency contours; user approved inclusion 2026-08-18,included (report A10)
2407.03868,Observation of exceptional line semimetal in three-dimensional non-Hermitian phononic crystals,Yejian Hu,2024,arXiv (no journal ref found),2024-07,include (user-approved; out of window),4,experimental,3D geometry-dependent hybrid-order skin observation; user approved inclusion 2026-08-18,included (report C6)
